Period (Days),High,Low,Range,Range (%)
3,24687.940112267872,23464.814998795504,1223.125113472368,5.212592187644153
5,24687.940112267872,23222.699014609145,1465.241097658727,6.30952111439312
10,24687.940112267872,22655.67102877857,2032.2690834893,8.970244495993041
20,24687.940112267872,22613.733219374113,2074.206892893759,9.172332903957232
50,25609.140968977797,22543.581012304,3065.5599566737983,13.598371771550646
360,38387.74106037174,14942.256672934504,23445.48438743724,156.90725236908133
